"Method","mse","se_mse"
"MC NNM",61.6971706087609,20.2194334916019
"R1COMP",3.00068266854928,4.28785566249121
"ORACLE",2.55759215817755,3.5279115817848
