"Method","mse","se_mse"
"MC NNM",2.38387258398894,0.571782587023045
"R1COMP",0.40930840136992,0.232079447610449
"ORACLE",0.219233768976751,0.121794580264115
