"Method","mse","se_mse"
"MC NNM",27.7377387006026,1.14774536447019
"R1COMP",0.109522649775236,0.0669367657242494
"ORACLE",0.0626895765194085,0.0378734553889928
