"Method","mse","se_mse"
"MC NNM",198.234406053229,16.996154771897
"R1COMP",2.88967447640306,2.72847246779223
"ORACLE",1.36426880922037,1.39915083891932
