"Method","mse","se_mse"
"MC NNM",149.224739493529,4.32872725837961
"R1COMP",5.40303735886177,2.54645083121199
"ORACLE",0.14081942808833,0.0790568308197236
