"Method","mse","se_mse"
"MC NNM",2.5142133705499,0.535505580345237
"R1COMP",0.309828140109571,0.154804463592512
"ORACLE",0.181785594212495,0.0965057355559861
