"Method","mse","se_mse"
"MC NNM",112.671096190997,3.4794959684998
"R1COMP",2.32944587782562,1.4307454734084
"ORACLE",0.109986935795564,0.0621856888520719
